{
  "total_files": 50,
  "alzheimer_count": 32,
  "healthy_count": 18,
  "total_duration": 640.2373333333333,
  "avg_duration": 12.804746666666665
}